{"train_loss": [1.6119324415922165, 1.5809412211179734, 1.2115459829568862, 0.9971990764141083, 0.9752453126013279, 0.8233201488852501, 0.8204513534903526, 0.747792624682188, 0.6876046329736709, 0.640741840749979, 0.6645549274981022, 0.5722742564976215, 0.5348016045987606, 0.48024147376418114, 0.45903520099818707, 0.4172900140285492, 0.37897549010813236, 0.39449401702731846, 0.4373454011976719, 0.32091710129752754, 0.3193974127992988, 0.29544253926724195, 0.29516705181449654, 0.27080935407429935, 0.23132867589592934, 0.23493255032226443, 0.17775290459394455, 0.17157053295522928, 0.24827031856402754, 0.1973881045822054, 0.16754275890998543, 0.15262238015420734, 0.17145361803704873, 0.1638332842849195, 0.14314252818003298, 0.1278585796826519, 0.14531979565508663, 0.1315167188178748, 0.0815250815008767, 0.0839742383104749, 0.10093653962248936, 0.10663786773802712, 0.08846850049449131, 0.09538782036397606, 0.08281293446198106, 0.11270661341259255, 0.06265950266824802, 0.06815077619394287, 0.12415576701750979, 0.06697399893891998], "train_acc": [19.936708860759495, 26.89873417721519, 44.14556962025316, 59.01898734177215, 56.4873417721519, 63.449367088607595, 64.87341772151899, 66.29746835443038, 68.67088607594937, 72.15189873417721, 71.99367088607595, 73.57594936708861, 77.37341772151899, 79.27215189873418, 80.37974683544304, 82.59493670886076, 85.91772151898734, 84.81012658227849, 80.37974683544304, 86.39240506329114, 87.5, 89.08227848101266, 90.03164556962025, 91.77215189873418, 91.93037974683544, 92.0886075949367, 93.5126582278481, 93.9873417721519, 91.61392405063292, 93.5126582278481, 93.9873417721519, 95.56962025316456, 95.25316455696202, 95.4113924050633, 95.4113924050633, 96.36075949367088, 94.9367088607595, 96.04430379746836, 98.10126582278481, 97.62658227848101, 97.15189873417721, 96.51898734177215, 97.31012658227849, 97.31012658227849, 97.46835443037975, 95.88607594936708, 98.25949367088607, 97.62658227848101, 94.9367088607595, 97.78481012658227], "val_loss": [1.607019567489624, 1.4639447152614593, 0.999322859942913, 0.9794860027730465, 0.8897125046700239, 0.831795095372945, 0.7892976840957999, 0.8134932602755726, 0.8839935737662017, 0.8668875239789486, 0.7456162991933525, 0.68071504435502, 0.6737696869764477, 0.5790655134944245, 0.5580557483248413, 0.503909530933015, 0.47702690449077634, 0.4198280862357933, 0.42118059790227563, 0.41997775454074143, 0.520288986270316, 0.28262029036413877, 0.3484207184519619, 0.2550318680005148, 0.3531671661417931, 0.38990381945623087, 0.33741232473985294, 0.42936763866455296, 0.3478865611134097, 0.2813596419553505, 0.3171841568022501, 0.22269020930398256, 0.4102346510015195, 0.280842430802295, 0.18510799861396662, 0.3534526275616372, 0.22787434966594447, 0.21908124923938885, 0.30083922039630123, 0.24229857416285086, 0.25991568767494755, 0.3274922426120611, 0.40419314673126794, 0.4086495757310331, 0.28349066705141013, 0.36684679612590115, 0.2933936062558587, 0.3488916997723209, 0.29693785167437453, 0.6575642489181519], "val_acc": [37.08920187793427, 35.99374021909233, 55.39906103286385, 56.18153364632238, 61.032863849765256, 66.04068857589985, 67.91862284820031, 60.563380281690144, 64.63223787167449, 63.69327073552426, 68.70109546165884, 72.30046948356808, 72.30046948356808, 77.30829420970267, 81.84663536776213, 81.84663536776213, 82.00312989045383, 85.60250391236306, 81.69014084507042, 88.73239436619718, 80.59467918622848, 91.8622848200313, 89.358372456964, 91.54929577464789, 88.57589984350548, 88.73239436619718, 87.63693270735524, 87.63693270735524, 90.92331768388107, 89.358372456964, 91.39280125195619, 91.07981220657277, 86.697965571205, 90.92331768388107, 92.64475743348983, 88.73239436619718, 92.64475743348983, 93.58372456964007, 92.80125195618153, 92.33176838810641, 91.23630672926447, 90.14084507042253, 88.88888888888889, 89.0453834115806, 90.29733959311424, 89.98435054773083, 92.95774647887323, 90.76682316118936, 90.61032863849765, 85.91549295774648]}